name,level,run,inhib_level,r0,serotype_varying,time_to_extinction,time_to_reemergence
inf,1,1,0.75,1,1,125,NA
inf,1,2,0.75,1,1,87,NA
inf,1,3,0.75,1,1,85,NA
inf,1,4,0.75,1,1,NA,NA
inf,1,5,0.75,1,1,11,NA
inf,1,6,0.75,1,1,137,NA
inf,1,7,0.75,1,1,NA,NA
inf,1,8,0.75,1,1,117,NA
inf,1,9,0.75,1,1,10,NA
inf,1,10,0.75,1,1,30,NA
inf,1,11,0.75,1,1,11,NA
inf,1,12,0.75,1,1,135,NA
inf,1,13,0.75,1,1,134,NA
inf,1,14,0.75,1,1,NA,NA
inf,1,15,0.75,1,1,139,NA
inf,1,16,0.75,1,1,4,NA
inf,1,17,0.75,1,1,30,NA
inf,1,18,0.75,1,1,130,NA
inf,1,19,0.75,1,1,38,NA
inf,1,20,0.75,1,1,49,NA
inf,1,21,0.75,1,1,NA,NA
inf,1,22,0.75,1,1,85,NA
inf,1,23,0.75,1,1,139,NA
inf,1,24,0.75,1,1,46,NA
inf,1,25,0.75,1,1,52,NA
inf,1,26,0.75,1,1,65,NA
inf,1,27,0.75,1,1,111,NA
inf,1,28,0.75,1,1,14,NA
inf,1,29,0.75,1,1,24,NA
inf,1,30,0.75,1,1,6,NA
inf,1,31,0.75,1,1,51,NA
inf,1,32,0.75,1,1,110,NA
inf,1,33,0.75,1,1,16,NA
inf,1,34,0.75,1,1,13,NA
inf,1,35,0.75,1,1,68,NA
inf,1,36,0.75,1,1,28,NA
inf,1,37,0.75,1,1,134,NA
inf,1,38,0.75,1,1,132,NA
inf,1,39,0.75,1,1,71,NA
inf,1,40,0.75,1,1,112,NA
inf,1,41,0.75,1,1,128,NA
inf,1,42,0.75,1,1,14,NA
inf,1,43,0.75,1,1,118,NA
inf,1,44,0.75,1,1,45,NA
inf,1,45,0.75,1,1,21,NA
inf,1,46,0.75,1,1,2,NA
inf,1,47,0.75,1,1,NA,NA
inf,1,48,0.75,1,1,136,NA
inf,1,49,0.75,1,1,123,NA
inf,1,50,0.75,1,1,18,NA
inf,2,1,0.75,1,2,48,NA
inf,2,2,0.75,1,2,103,NA
inf,2,3,0.75,1,2,122,NA
inf,2,4,0.75,1,2,122,NA
inf,2,5,0.75,1,2,25,NA
inf,2,6,0.75,1,2,NA,NA
inf,2,7,0.75,1,2,5,NA
inf,2,8,0.75,1,2,102,NA
inf,2,9,0.75,1,2,113,NA
inf,2,10,0.75,1,2,124,NA
inf,2,11,0.75,1,2,35,NA
inf,2,12,0.75,1,2,74,NA
inf,2,13,0.75,1,2,NA,NA
inf,2,14,0.75,1,2,36,NA
inf,2,15,0.75,1,2,16,NA
inf,2,16,0.75,1,2,57,NA
inf,2,17,0.75,1,2,53,NA
inf,2,18,0.75,1,2,53,NA
inf,2,19,0.75,1,2,30,NA
inf,2,20,0.75,1,2,4,NA
inf,2,21,0.75,1,2,141,NA
inf,2,22,0.75,1,2,32,NA
inf,2,23,0.75,1,2,NA,NA
inf,2,24,0.75,1,2,NA,NA
inf,2,25,0.75,1,2,16,NA
inf,2,26,0.75,1,2,7,NA
inf,2,27,0.75,1,2,51,NA
inf,2,28,0.75,1,2,74,NA
inf,2,29,0.75,1,2,54,NA
inf,2,30,0.75,1,2,31,NA
inf,2,31,0.75,1,2,43,NA
inf,2,32,0.75,1,2,NA,NA
inf,2,33,0.75,1,2,13,NA
inf,2,34,0.75,1,2,28,NA
inf,2,35,0.75,1,2,113,NA
inf,2,36,0.75,1,2,20,NA
inf,2,37,0.75,1,2,18,NA
inf,2,38,0.75,1,2,75,NA
inf,2,39,0.75,1,2,6,NA
inf,2,40,0.75,1,2,79,NA
inf,2,41,0.75,1,2,79,NA
inf,2,42,0.75,1,2,133,NA
inf,2,43,0.75,1,2,6,NA
inf,2,44,0.75,1,2,39,NA
inf,2,45,0.75,1,2,NA,NA
inf,2,46,0.75,1,2,12,NA
inf,2,47,0.75,1,2,NA,NA
inf,2,48,0.75,1,2,7,NA
inf,2,49,0.75,1,2,24,NA
inf,2,50,0.75,1,2,114,NA
inf,3,1,0.75,1,3,16,NA
inf,3,2,0.75,1,3,5,NA
inf,3,3,0.75,1,3,15,NA
inf,3,4,0.75,1,3,NA,NA
inf,3,5,0.75,1,3,139,NA
inf,3,6,0.75,1,3,59,NA
inf,3,7,0.75,1,3,64,NA
inf,3,8,0.75,1,3,24,NA
inf,3,9,0.75,1,3,13,NA
inf,3,10,0.75,1,3,NA,NA
inf,3,11,0.75,1,3,121,NA
inf,3,12,0.75,1,3,4,NA
inf,3,13,0.75,1,3,40,NA
inf,3,14,0.75,1,3,134,NA
inf,3,15,0.75,1,3,41,NA
inf,3,16,0.75,1,3,NA,NA
inf,3,17,0.75,1,3,132,NA
inf,3,18,0.75,1,3,NA,NA
inf,3,19,0.75,1,3,NA,NA
inf,3,20,0.75,1,3,8,NA
inf,3,21,0.75,1,3,41,NA
inf,3,22,0.75,1,3,123,NA
inf,3,23,0.75,1,3,44,NA
inf,3,24,0.75,1,3,133,NA
inf,3,25,0.75,1,3,NA,NA
inf,3,26,0.75,1,3,132,NA
inf,3,27,0.75,1,3,9,NA
inf,3,28,0.75,1,3,131,NA
inf,3,29,0.75,1,3,NA,NA
inf,3,30,0.75,1,3,71,NA
inf,3,31,0.75,1,3,NA,NA
inf,3,32,0.75,1,3,NA,NA
inf,3,33,0.75,1,3,117,NA
inf,3,34,0.75,1,3,25,NA
inf,3,35,0.75,1,3,75,NA
inf,3,36,0.75,1,3,NA,NA
inf,3,37,0.75,1,3,NA,NA
inf,3,38,0.75,1,3,4,NA
inf,3,39,0.75,1,3,103,NA
inf,3,40,0.75,1,3,36,NA
inf,3,41,0.75,1,3,14,NA
inf,3,42,0.75,1,3,38,NA
inf,3,43,0.75,1,3,68,NA
inf,3,44,0.75,1,3,14,NA
inf,3,45,0.75,1,3,130,NA
inf,3,46,0.75,1,3,23,NA
inf,3,47,0.75,1,3,53,NA
inf,3,48,0.75,1,3,52,NA
inf,3,49,0.75,1,3,17,NA
inf,3,50,0.75,1,3,NA,NA
inf,4,1,0.75,1,4,6,NA
inf,4,2,0.75,1,4,44,NA
inf,4,3,0.75,1,4,NA,NA
inf,4,4,0.75,1,4,79,NA
inf,4,5,0.75,1,4,42,NA
inf,4,6,0.75,1,4,20,NA
inf,4,7,0.75,1,4,121,NA
inf,4,8,0.75,1,4,4,NA
inf,4,9,0.75,1,4,63,NA
inf,4,10,0.75,1,4,79,NA
inf,4,11,0.75,1,4,72,NA
inf,4,12,0.75,1,4,23,NA
inf,4,13,0.75,1,4,26,NA
inf,4,14,0.75,1,4,20,NA
inf,4,15,0.75,1,4,2,NA
inf,4,16,0.75,1,4,119,NA
inf,4,17,0.75,1,4,NA,NA
inf,4,18,0.75,1,4,14,NA
inf,4,19,0.75,1,4,136,NA
inf,4,20,0.75,1,4,119,NA
inf,4,21,0.75,1,4,37,NA
inf,4,22,0.75,1,4,26,NA
inf,4,23,0.75,1,4,36,NA
inf,4,24,0.75,1,4,36,NA
inf,4,25,0.75,1,4,118,NA
inf,4,26,0.75,1,4,35,NA
inf,4,27,0.75,1,4,34,NA
inf,4,28,0.75,1,4,23,NA
inf,4,29,0.75,1,4,121,NA
inf,4,30,0.75,1,4,124,NA
inf,4,31,0.75,1,4,135,NA
inf,4,32,0.75,1,4,96,NA
inf,4,33,0.75,1,4,98,NA
inf,4,34,0.75,1,4,118,NA
inf,4,35,0.75,1,4,32,NA
inf,4,36,0.75,1,4,132,NA
inf,4,37,0.75,1,4,36,NA
inf,4,38,0.75,1,4,22,NA
inf,4,39,0.75,1,4,66,NA
inf,4,40,0.75,1,4,NA,NA
inf,4,41,0.75,1,4,10,NA
inf,4,42,0.75,1,4,36,NA
inf,4,43,0.75,1,4,23,NA
inf,4,44,0.75,1,4,138,NA
inf,4,45,0.75,1,4,25,NA
inf,4,46,0.75,1,4,127,NA
inf,4,47,0.75,1,4,129,NA
inf,4,48,0.75,1,4,14,NA
inf,4,49,0.75,1,4,85,NA
inf,4,50,0.75,1,4,91,NA
inf,1,1,0.75,1.5,1,175,7090
inf,1,2,0.75,1.5,1,121,8187
inf,1,3,0.75,1.5,1,25,9255
inf,1,4,0.75,1.5,1,90,9276
inf,1,5,0.75,1.5,1,10,8893
inf,1,6,0.75,1.5,1,33,8168
inf,1,7,0.75,1.5,1,49,7462
inf,1,8,0.75,1.5,1,18,8160
inf,1,9,0.75,1.5,1,24,8884
inf,1,10,0.75,1.5,1,NA,8922
inf,1,11,0.75,1.5,1,80,8922
inf,1,12,0.75,1.5,1,133,6713
inf,1,13,0.75,1.5,1,10,7059
inf,1,14,0.75,1.5,1,14,8169
inf,1,15,0.75,1.5,1,8,9272
inf,1,16,0.75,1.5,1,154,7461
inf,1,17,0.75,1.5,1,127,9280
inf,1,18,0.75,1.5,1,114,8900
inf,1,19,0.75,1.5,1,104,9291
inf,1,20,0.75,1.5,1,80,9274
inf,1,21,0.75,1.5,1,NA,7830
inf,1,22,0.75,1.5,1,103,9283
inf,1,23,0.75,1.5,1,31,8158
inf,1,24,0.75,1.5,1,6,7806
inf,1,25,0.75,1.5,1,92,9627
inf,1,26,0.75,1.5,1,154,7449
inf,1,27,0.75,1.5,1,3,7806
inf,1,28,0.75,1.5,1,18,8908
inf,1,29,0.75,1.5,1,NA,8161
inf,1,30,0.75,1.5,1,175,8171
inf,1,31,0.75,1.5,1,7,8534
inf,1,32,0.75,1.5,1,90,8192
inf,1,33,0.75,1.5,1,NA,8914
inf,1,34,0.75,1.5,1,81,8526
inf,1,35,0.75,1.5,1,NA,8522
inf,1,36,0.75,1.5,1,33,9258
inf,1,37,0.75,1.5,1,16,8532
inf,1,38,0.75,1.5,1,80,8881
inf,1,39,0.75,1.5,1,NA,7450
inf,1,40,0.75,1.5,1,23,7089
inf,1,41,0.75,1.5,1,111,8553
inf,1,42,0.75,1.5,1,7,8167
inf,1,43,0.75,1.5,1,2,8539
inf,1,44,0.75,1.5,1,105,9640
inf,1,45,0.75,1.5,1,43,8188
inf,1,46,0.75,1.5,1,NA,8544
inf,1,47,0.75,1.5,1,148,8163
inf,1,48,0.75,1.5,1,18,9287
inf,1,49,0.75,1.5,1,NA,8900
inf,1,50,0.75,1.5,1,89,8926
inf,2,1,0.75,1.5,2,102,9977
inf,2,2,0.75,1.5,2,NA,8174
inf,2,3,0.75,1.5,2,NA,8560
inf,2,4,0.75,1.5,2,84,7476
inf,2,5,0.75,1.5,2,76,7438
inf,2,6,0.75,1.5,2,NA,8891
inf,2,7,0.75,1.5,2,99,8529
inf,2,8,0.75,1.5,2,11,7814
inf,2,9,0.75,1.5,2,109,8172
inf,2,10,0.75,1.5,2,144,9266
inf,2,11,0.75,1.5,2,NA,7802
inf,2,12,0.75,1.5,2,56,8169
inf,2,13,0.75,1.5,2,NA,9250
inf,2,14,0.75,1.5,2,79,9245
inf,2,15,0.75,1.5,2,2,8182
inf,2,16,0.75,1.5,2,57,7087
inf,2,17,0.75,1.5,2,21,8201
inf,2,18,0.75,1.5,2,12,7070
inf,2,19,0.75,1.5,2,NA,8555
inf,2,20,0.75,1.5,2,NA,8897
inf,2,21,0.75,1.5,2,82,7092
inf,2,22,0.75,1.5,2,156,7435
inf,2,23,0.75,1.5,2,NA,9615
inf,2,24,0.75,1.5,2,NA,8551
inf,2,25,0.75,1.5,2,NA,8177
inf,2,26,0.75,1.5,2,107,9619
inf,2,27,0.75,1.5,2,45,8892
inf,2,28,0.75,1.5,2,137,9614
inf,2,29,0.75,1.5,2,125,9641
inf,2,30,0.75,1.5,2,6,8528
inf,2,31,0.75,1.5,2,130,9265
inf,2,32,0.75,1.5,2,76,8536
inf,2,33,0.75,1.5,2,NA,7817
inf,2,34,0.75,1.5,2,NA,8188
inf,2,35,0.75,1.5,2,35,8888
inf,2,36,0.75,1.5,2,171,7804
inf,2,37,0.75,1.5,2,4,9278
inf,2,38,0.75,1.5,2,159,7457
inf,2,39,0.75,1.5,2,38,9645
inf,2,40,0.75,1.5,2,NA,7794
inf,2,41,0.75,1.5,2,79,8188
inf,2,42,0.75,1.5,2,30,9626
inf,2,43,0.75,1.5,2,71,9989
inf,2,44,0.75,1.5,2,7,8547
inf,2,45,0.75,1.5,2,143,8174
inf,2,46,0.75,1.5,2,76,9259
inf,2,47,0.75,1.5,2,3,8169
inf,2,48,0.75,1.5,2,NA,8190
inf,2,49,0.75,1.5,2,NA,8526
inf,2,50,0.75,1.5,2,NA,7460
inf,3,1,0.75,1.5,3,NA,7446
inf,3,2,0.75,1.5,3,NA,7832
inf,3,3,0.75,1.5,3,129,9243
inf,3,4,0.75,1.5,3,173,7805
inf,3,5,0.75,1.5,3,73,8887
inf,3,6,0.75,1.5,3,84,9265
inf,3,7,0.75,1.5,3,NA,8536
inf,3,8,0.75,1.5,3,177,7794
inf,3,9,0.75,1.5,3,3,8923
inf,3,10,0.75,1.5,3,5,8174
inf,3,11,0.75,1.5,3,14,9617
inf,3,12,0.75,1.5,3,143,9268
inf,3,13,0.75,1.5,3,NA,8180
inf,3,14,0.75,1.5,3,NA,7791
inf,3,15,0.75,1.5,3,74,9632
inf,3,16,0.75,1.5,3,25,7797
inf,3,17,0.75,1.5,3,28,8548
inf,3,18,0.75,1.5,3,20,9259
inf,3,19,0.75,1.5,3,61,7432
inf,3,20,0.75,1.5,3,76,7817
inf,3,21,0.75,1.5,3,96,9626
inf,3,22,0.75,1.5,3,111,7801
inf,3,23,0.75,1.5,3,96,9265
inf,3,24,0.75,1.5,3,NA,9261
inf,3,25,0.75,1.5,3,NA,9260
inf,3,26,0.75,1.5,3,128,8532
inf,3,27,0.75,1.5,3,17,8209
inf,3,28,0.75,1.5,3,117,7437
inf,3,29,0.75,1.5,3,9,8154
inf,3,30,0.75,1.5,3,30,8897
inf,3,31,0.75,1.5,3,NA,8163
inf,3,32,0.75,1.5,3,NA,8903
inf,3,33,0.75,1.5,3,114,8918
inf,3,34,0.75,1.5,3,NA,8559
inf,3,35,0.75,1.5,3,97,8917
inf,3,36,0.75,1.5,3,69,8559
inf,3,37,0.75,1.5,3,126,9272
inf,3,38,0.75,1.5,3,NA,7806
inf,3,39,0.75,1.5,3,135,8898
inf,3,40,0.75,1.5,3,NA,9259
inf,3,41,0.75,1.5,3,175,6343
inf,3,42,0.75,1.5,3,123,8554
inf,3,43,0.75,1.5,3,99,8176
inf,3,44,0.75,1.5,3,47,7444
inf,3,45,0.75,1.5,3,61,8177
inf,3,46,0.75,1.5,3,NA,8521
inf,3,47,0.75,1.5,3,NA,8534
inf,3,48,0.75,1.5,3,4,8900
inf,3,49,0.75,1.5,3,83,9257
inf,3,50,0.75,1.5,3,14,7470
inf,4,1,0.75,1.5,4,41,8886
inf,4,2,0.75,1.5,4,58,8922
inf,4,3,0.75,1.5,4,152,7077
inf,4,4,0.75,1.5,4,31,7796
inf,4,5,0.75,1.5,4,142,8880
inf,4,6,0.75,1.5,4,NA,7802
inf,4,7,0.75,1.5,4,NA,8915
inf,4,8,0.75,1.5,4,85,9276
inf,4,9,0.75,1.5,4,NA,7803
inf,4,10,0.75,1.5,4,47,8904
inf,4,11,0.75,1.5,4,23,7808
inf,4,12,0.75,1.5,4,NA,9615
inf,4,13,0.75,1.5,4,91,9653
inf,4,14,0.75,1.5,4,108,7095
inf,4,15,0.75,1.5,4,162,8566
inf,4,16,0.75,1.5,4,53,9294
inf,4,17,0.75,1.5,4,93,7074
inf,4,18,0.75,1.5,4,NA,8181
inf,4,19,0.75,1.5,4,NA,8525
inf,4,20,0.75,1.5,4,168,8159
inf,4,21,0.75,1.5,4,118,9279
inf,4,22,0.75,1.5,4,8,8909
inf,4,23,0.75,1.5,4,57,7439
inf,4,24,0.75,1.5,4,75,9251
inf,4,25,0.75,1.5,4,149,8192
inf,4,26,0.75,1.5,4,5,8910
inf,4,27,0.75,1.5,4,104,8911
inf,4,28,0.75,1.5,4,NA,7452
inf,4,29,0.75,1.5,4,189,8540
inf,4,30,0.75,1.5,4,72,9278
inf,4,31,0.75,1.5,4,38,8905
inf,4,32,0.75,1.5,4,NA,8564
inf,4,33,0.75,1.5,4,135,8171
inf,4,34,0.75,1.5,4,NA,8166
inf,4,35,0.75,1.5,4,25,8154
inf,4,36,0.75,1.5,4,NA,7816
inf,4,37,0.75,1.5,4,136,7073
inf,4,38,0.75,1.5,4,120,8906
inf,4,39,0.75,1.5,4,NA,8894
inf,4,40,0.75,1.5,4,80,9630
inf,4,41,0.75,1.5,4,NA,8165
inf,4,42,0.75,1.5,4,65,7800
inf,4,43,0.75,1.5,4,162,8162
inf,4,44,0.75,1.5,4,11,8542
inf,4,45,0.75,1.5,4,NA,8186
inf,4,46,0.75,1.5,4,73,8170
inf,4,47,0.75,1.5,4,52,9656
inf,4,48,0.75,1.5,4,115,8167
inf,4,49,0.75,1.5,4,34,8147
inf,4,50,0.75,1.5,4,NA,9251
inf,1,1,0.75,2,1,NA,5253
inf,1,2,0.75,2,1,50,4534
inf,1,3,0.75,2,1,NA,4535
inf,1,4,0.75,2,1,8,5620
inf,1,5,0.75,2,1,9,4879
inf,1,6,0.75,2,1,41,5989
inf,1,7,0.75,2,1,25,4888
inf,1,8,0.75,2,1,NA,4881
inf,1,9,0.75,2,1,3,5591
inf,1,10,0.75,2,1,NA,5599
inf,1,11,0.75,2,1,21,5625
inf,1,12,0.75,2,1,162,4894
inf,1,13,0.75,2,1,NA,5630
inf,1,14,0.75,2,1,NA,4160
inf,1,15,0.75,2,1,165,4876
inf,1,16,0.75,2,1,NA,5611
inf,1,17,0.75,2,1,154,5264
inf,1,18,0.75,2,1,37,5999
inf,1,19,0.75,2,1,NA,5257
inf,1,20,0.75,2,1,192,5583
inf,1,21,0.75,2,1,3,5625
inf,1,22,0.75,2,1,NA,5611
inf,1,23,0.75,2,1,NA,4520
inf,1,24,0.75,2,1,143,5265
inf,1,25,0.75,2,1,172,4908
inf,1,26,0.75,2,1,28,4523
inf,1,27,0.75,2,1,38,4900
inf,1,28,0.75,2,1,28,6337
inf,1,29,0.75,2,1,124,4158
inf,1,30,0.75,2,1,73,4547
inf,1,31,0.75,2,1,137,4550
inf,1,32,0.75,2,1,146,4155
inf,1,33,0.75,2,1,103,5988
inf,1,34,0.75,2,1,NA,4182
inf,1,35,0.75,2,1,18,4908
inf,1,36,0.75,2,1,74,4896
inf,1,37,0.75,2,1,126,5258
inf,1,38,0.75,2,1,NA,5227
inf,1,39,0.75,2,1,50,5629
inf,1,40,0.75,2,1,NA,4916
inf,1,41,0.75,2,1,71,5965
inf,1,42,0.75,2,1,157,4861
inf,1,43,0.75,2,1,175,4880
inf,1,44,0.75,2,1,140,4893
inf,1,45,0.75,2,1,NA,6328
inf,1,46,0.75,2,1,8,5604
inf,1,47,0.75,2,1,NA,5993
inf,1,48,0.75,2,1,NA,4517
inf,1,49,0.75,2,1,NA,5625
inf,1,50,0.75,2,1,111,5628
inf,2,1,0.75,2,2,15,6337
inf,2,2,0.75,2,2,NA,5606
inf,2,3,0.75,2,2,17,5615
inf,2,4,0.75,2,2,146,4893
inf,2,5,0.75,2,2,116,5279
inf,2,6,0.75,2,2,14,4151
inf,2,7,0.75,2,2,31,4175
inf,2,8,0.75,2,2,38,5264
inf,2,9,0.75,2,2,NA,5615
inf,2,10,0.75,2,2,NA,6330
inf,2,11,0.75,2,2,94,4900
inf,2,12,0.75,2,2,71,5235
inf,2,13,0.75,2,2,153,5613
inf,2,14,0.75,2,2,NA,4542
inf,2,15,0.75,2,2,20,6337
inf,2,16,0.75,2,2,42,5627
inf,2,17,0.75,2,2,81,5622
inf,2,18,0.75,2,2,40,5245
inf,2,19,0.75,2,2,68,5989
inf,2,20,0.75,2,2,118,4171
inf,2,21,0.75,2,2,NA,4871
inf,2,22,0.75,2,2,132,5255
inf,2,23,0.75,2,2,29,5980
inf,2,24,0.75,2,2,58,4538
inf,2,25,0.75,2,2,25,5279
inf,2,26,0.75,2,2,NA,5612
inf,2,27,0.75,2,2,155,5241
inf,2,28,0.75,2,2,NA,4155
inf,2,29,0.75,2,2,77,5260
inf,2,30,0.75,2,2,56,5644
inf,2,31,0.75,2,2,3,4877
inf,2,32,0.75,2,2,117,5242
inf,2,33,0.75,2,2,63,5236
inf,2,34,0.75,2,2,25,4514
inf,2,35,0.75,2,2,134,5618
inf,2,36,0.75,2,2,50,5978
inf,2,37,0.75,2,2,32,6019
inf,2,38,0.75,2,2,NA,5249
inf,2,39,0.75,2,2,104,5629
inf,2,40,0.75,2,2,14,6331
inf,2,41,0.75,2,2,104,3808
inf,2,42,0.75,2,2,150,5627
inf,2,43,0.75,2,2,79,5637
inf,2,44,0.75,2,2,92,4902
inf,2,45,0.75,2,2,88,6334
inf,2,46,0.75,2,2,36,6718
inf,2,47,0.75,2,2,NA,5248
inf,2,48,0.75,2,2,43,5612
inf,2,49,0.75,2,2,NA,5235
inf,2,50,0.75,2,2,NA,5253
inf,3,1,0.75,2,3,NA,4533
inf,3,2,0.75,2,3,NA,5986
inf,3,3,0.75,2,3,NA,5243
inf,3,4,0.75,2,3,131,4867
inf,3,5,0.75,2,3,110,5951
inf,3,6,0.75,2,3,152,5984
inf,3,7,0.75,2,3,115,5967
inf,3,8,0.75,2,3,141,4899
inf,3,9,0.75,2,3,72,4885
inf,3,10,0.75,2,3,88,5251
inf,3,11,0.75,2,3,120,4883
inf,3,12,0.75,2,3,NA,5240
inf,3,13,0.75,2,3,150,3791
inf,3,14,0.75,2,3,NA,5635
inf,3,15,0.75,2,3,207,4873
inf,3,16,0.75,2,3,36,4902
inf,3,17,0.75,2,3,24,5616
inf,3,18,0.75,2,3,136,4524
inf,3,19,0.75,2,3,NA,5616
inf,3,20,0.75,2,3,69,6347
inf,3,21,0.75,2,3,22,4520
inf,3,22,0.75,2,3,63,5990
inf,3,23,0.75,2,3,NA,5251
inf,3,24,0.75,2,3,75,5616
inf,3,25,0.75,2,3,14,5961
inf,3,26,0.75,2,3,29,5263
inf,3,27,0.75,2,3,99,4548
inf,3,28,0.75,2,3,NA,5614
inf,3,29,0.75,2,3,46,5999
inf,3,30,0.75,2,3,NA,5249
inf,3,31,0.75,2,3,21,4900
inf,3,32,0.75,2,3,44,6335
inf,3,33,0.75,2,3,164,4545
inf,3,34,0.75,2,3,NA,5980
inf,3,35,0.75,2,3,157,5229
inf,3,36,0.75,2,3,NA,4533
inf,3,37,0.75,2,3,32,4518
inf,3,38,0.75,2,3,93,5612
inf,3,39,0.75,2,3,NA,5947
inf,3,40,0.75,2,3,24,4539
inf,3,41,0.75,2,3,86,5263
inf,3,42,0.75,2,3,NA,5961
inf,3,43,0.75,2,3,NA,5244
inf,3,44,0.75,2,3,22,4920
inf,3,45,0.75,2,3,94,4514
inf,3,46,0.75,2,3,110,3808
inf,3,47,0.75,2,3,NA,5274
inf,3,48,0.75,2,3,NA,5252
inf,3,49,0.75,2,3,96,5983
inf,3,50,0.75,2,3,182,4516
inf,4,1,0.75,2,4,97,4170
inf,4,2,0.75,2,4,123,5962
inf,4,3,0.75,2,4,24,4893
inf,4,4,0.75,2,4,85,6339
inf,4,5,0.75,2,4,20,5634
inf,4,6,0.75,2,4,NA,5260
inf,4,7,0.75,2,4,27,5978
inf,4,8,0.75,2,4,60,5628
inf,4,9,0.75,2,4,77,5610
inf,4,10,0.75,2,4,71,4862
inf,4,11,0.75,2,4,NA,5259
inf,4,12,0.75,2,4,60,5981
inf,4,13,0.75,2,4,39,5609
inf,4,14,0.75,2,4,122,5983
inf,4,15,0.75,2,4,173,4868
inf,4,16,0.75,2,4,NA,4515
inf,4,17,0.75,2,4,36,4160
inf,4,18,0.75,2,4,32,5608
inf,4,19,0.75,2,4,18,4163
inf,4,20,0.75,2,4,38,4515
inf,4,21,0.75,2,4,NA,5256
inf,4,22,0.75,2,4,NA,4887
inf,4,23,0.75,2,4,138,5632
inf,4,24,0.75,2,4,15,5961
inf,4,25,0.75,2,4,100,4882
inf,4,26,0.75,2,4,NA,5620
inf,4,27,0.75,2,4,NA,5275
inf,4,28,0.75,2,4,NA,5260
inf,4,29,0.75,2,4,24,4881
inf,4,30,0.75,2,4,127,4899
inf,4,31,0.75,2,4,64,5984
inf,4,32,0.75,2,4,5,5607
inf,4,33,0.75,2,4,3,4523
inf,4,34,0.75,2,4,11,5964
inf,4,35,0.75,2,4,146,4528
inf,4,36,0.75,2,4,40,5234
inf,4,37,0.75,2,4,15,5591
inf,4,38,0.75,2,4,127,4533
inf,4,39,0.75,2,4,NA,4509
inf,4,40,0.75,2,4,NA,5255
inf,4,41,0.75,2,4,37,4549
inf,4,42,0.75,2,4,146,6314
inf,4,43,0.75,2,4,46,5233
inf,4,44,0.75,2,4,113,6355
inf,4,45,0.75,2,4,166,4874
inf,4,46,0.75,2,4,NA,4885
inf,4,47,0.75,2,4,113,5248
inf,4,48,0.75,2,4,56,4883
inf,4,49,0.75,2,4,22,4873
inf,4,50,0.75,2,4,175,4154
inf,1,1,0.75,2.5,1,15,4501
inf,1,2,0.75,2.5,1,157,3065
inf,1,3,0.75,2.5,1,148,2706
inf,1,4,0.75,2.5,1,63,4163
inf,1,5,0.75,2.5,1,19,3059
inf,1,6,0.75,2.5,1,92,3806
inf,1,7,0.75,2.5,1,NA,3793
inf,1,8,0.75,2.5,1,23,3789
inf,1,9,0.75,2.5,1,40,3076
inf,1,10,0.75,2.5,1,25,3431
inf,1,11,0.75,2.5,1,52,4543
inf,1,12,0.75,2.5,1,30,4541
inf,1,13,0.75,2.5,1,NA,3787
inf,1,14,0.75,2.5,1,57,4519
inf,1,15,0.75,2.5,1,51,4151
inf,1,16,0.75,2.5,1,95,4141
inf,1,17,0.75,2.5,1,48,4531
inf,1,18,0.75,2.5,1,48,4159
inf,1,19,0.75,2.5,1,76,4178
inf,1,20,0.75,2.5,1,48,3805
inf,1,21,0.75,2.5,1,NA,3761
inf,1,22,0.75,2.5,1,NA,3432
inf,1,23,0.75,2.5,1,NA,3806
inf,1,24,0.75,2.5,1,94,4873
inf,1,25,0.75,2.5,1,105,4156
inf,1,26,0.75,2.5,1,16,5250
inf,1,27,0.75,2.5,1,135,3424
inf,1,28,0.75,2.5,1,NA,4540
inf,1,29,0.75,2.5,1,19,3439
inf,1,30,0.75,2.5,1,42,4501
inf,1,31,0.75,2.5,1,113,2706
inf,1,32,0.75,2.5,1,59,4144
inf,1,33,0.75,2.5,1,9,3785
inf,1,34,0.75,2.5,1,20,3781
inf,1,35,0.75,2.5,1,NA,3086
inf,1,36,0.75,2.5,1,18,4872
inf,1,37,0.75,2.5,1,156,3427
inf,1,38,0.75,2.5,1,NA,4517
inf,1,39,0.75,2.5,1,23,3789
inf,1,40,0.75,2.5,1,128,3821
inf,1,41,0.75,2.5,1,69,4525
inf,1,42,0.75,2.5,1,NA,3779
inf,1,43,0.75,2.5,1,79,5240
inf,1,44,0.75,2.5,1,NA,3812
inf,1,45,0.75,2.5,1,73,4183
inf,1,46,0.75,2.5,1,153,4135
inf,1,47,0.75,2.5,1,NA,3426
inf,1,48,0.75,2.5,1,NA,3785
inf,1,49,0.75,2.5,1,47,3429
inf,1,50,0.75,2.5,1,NA,4150
inf,2,1,0.75,2.5,2,51,4515
inf,2,2,0.75,2.5,2,174,3800
inf,2,3,0.75,2.5,2,33,4877
inf,2,4,0.75,2.5,2,NA,3741
inf,2,5,0.75,2.5,2,NA,3813
inf,2,6,0.75,2.5,2,27,3797
inf,2,7,0.75,2.5,2,126,4172
inf,2,8,0.75,2.5,2,NA,4155
inf,2,9,0.75,2.5,2,NA,4123
inf,2,10,0.75,2.5,2,NA,4542
inf,2,11,0.75,2.5,2,141,3813
inf,2,12,0.75,2.5,2,57,3065
inf,2,13,0.75,2.5,2,NA,4180
inf,2,14,0.75,2.5,2,NA,4140
inf,2,15,0.75,2.5,2,179,3447
inf,2,16,0.75,2.5,2,149,3064
inf,2,17,0.75,2.5,2,NA,3812
inf,2,18,0.75,2.5,2,182,3067
inf,2,19,0.75,2.5,2,NA,3767
inf,2,20,0.75,2.5,2,61,3805
inf,2,21,0.75,2.5,2,71,3819
inf,2,22,0.75,2.5,2,48,3044
inf,2,23,0.75,2.5,2,82,4919
inf,2,24,0.75,2.5,2,100,3777
inf,2,25,0.75,2.5,2,15,4524
inf,2,26,0.75,2.5,2,26,3076
inf,2,27,0.75,2.5,2,3,3433
inf,2,28,0.75,2.5,2,50,4175
inf,2,29,0.75,2.5,2,183,3417
inf,2,30,0.75,2.5,2,36,4531
inf,2,31,0.75,2.5,2,NA,3799
inf,2,32,0.75,2.5,2,NA,3413
inf,2,33,0.75,2.5,2,5,4528
inf,2,34,0.75,2.5,2,NA,4505
inf,2,35,0.75,2.5,2,93,3778
inf,2,36,0.75,2.5,2,NA,2709
inf,2,37,0.75,2.5,2,NA,4531
inf,2,38,0.75,2.5,2,81,4528
inf,2,39,0.75,2.5,2,8,4876
inf,2,40,0.75,2.5,2,10,3425
inf,2,41,0.75,2.5,2,131,3435
inf,2,42,0.75,2.5,2,NA,4133
inf,2,43,0.75,2.5,2,19,3424
inf,2,44,0.75,2.5,2,71,4875
inf,2,45,0.75,2.5,2,32,3804
inf,2,46,0.75,2.5,2,24,3782
inf,2,47,0.75,2.5,2,63,4519
inf,2,48,0.75,2.5,2,64,4517
inf,2,49,0.75,2.5,2,89,5240
inf,2,50,0.75,2.5,2,47,4519
inf,3,1,0.75,2.5,3,NA,4505
inf,3,2,0.75,2.5,3,NA,4521
inf,3,3,0.75,2.5,3,29,4179
inf,3,4,0.75,2.5,3,NA,4171
inf,3,5,0.75,2.5,3,59,4515
inf,3,6,0.75,2.5,3,68,4533
inf,3,7,0.75,2.5,3,28,4878
inf,3,8,0.75,2.5,3,NA,4496
inf,3,9,0.75,2.5,3,30,4131
inf,3,10,0.75,2.5,3,72,3798
inf,3,11,0.75,2.5,3,NA,3815
inf,3,12,0.75,2.5,3,35,4550
inf,3,13,0.75,2.5,3,139,3423
inf,3,14,0.75,2.5,3,NA,4522
inf,3,15,0.75,2.5,3,127,4163
inf,3,16,0.75,2.5,3,53,4863
inf,3,17,0.75,2.5,3,34,3798
inf,3,18,0.75,2.5,3,180,3812
inf,3,19,0.75,2.5,3,NA,2707
inf,3,20,0.75,2.5,3,141,3811
inf,3,21,0.75,2.5,3,NA,4185
inf,3,22,0.75,2.5,3,52,4538
inf,3,23,0.75,2.5,3,46,3071
inf,3,24,0.75,2.5,3,NA,4150
inf,3,25,0.75,2.5,3,2,3411
inf,3,26,0.75,2.5,3,133,3783
inf,3,27,0.75,2.5,3,20,4480
inf,3,28,0.75,2.5,3,7,4139
inf,3,29,0.75,2.5,3,54,5236
inf,3,30,0.75,2.5,3,128,3065
inf,3,31,0.75,2.5,3,104,4525
inf,3,32,0.75,2.5,3,9,4176
inf,3,33,0.75,2.5,3,NA,3810
inf,3,34,0.75,2.5,3,NA,4170
inf,3,35,0.75,2.5,3,15,3800
inf,3,36,0.75,2.5,3,NA,4525
inf,3,37,0.75,2.5,3,126,4531
inf,3,38,0.75,2.5,3,35,3461
inf,3,39,0.75,2.5,3,NA,3400
inf,3,40,0.75,2.5,3,NA,3070
inf,3,41,0.75,2.5,3,23,4167
inf,3,42,0.75,2.5,3,NA,4517
inf,3,43,0.75,2.5,3,23,4168
inf,3,44,0.75,2.5,3,NA,4507
inf,3,45,0.75,2.5,3,NA,4508
inf,3,46,0.75,2.5,3,185,3066
inf,3,47,0.75,2.5,3,NA,4486
inf,3,48,0.75,2.5,3,NA,3419
inf,3,49,0.75,2.5,3,21,4162
inf,3,50,0.75,2.5,3,NA,4187
inf,4,1,0.75,2.5,4,126,3783
inf,4,2,0.75,2.5,4,80,4164
inf,4,3,0.75,2.5,4,67,3407
inf,4,4,0.75,2.5,4,NA,4507
inf,4,5,0.75,2.5,4,NA,4500
inf,4,6,0.75,2.5,4,173,3801
inf,4,7,0.75,2.5,4,NA,3800
inf,4,8,0.75,2.5,4,26,3438
inf,4,9,0.75,2.5,4,11,4167
inf,4,10,0.75,2.5,4,39,3798
inf,4,11,0.75,2.5,4,126,3406
inf,4,12,0.75,2.5,4,NA,4169
inf,4,13,0.75,2.5,4,48,4535
inf,4,14,0.75,2.5,4,NA,3061
inf,4,15,0.75,2.5,4,187,3413
inf,4,16,0.75,2.5,4,NA,4523
inf,4,17,0.75,2.5,4,NA,4539
inf,4,18,0.75,2.5,4,155,3806
inf,4,19,0.75,2.5,4,NA,4884
inf,4,20,0.75,2.5,4,90,4540
inf,4,21,0.75,2.5,4,10,4911
inf,4,22,0.75,2.5,4,100,4562
inf,4,23,0.75,2.5,4,NA,4518
inf,4,24,0.75,2.5,4,NA,3065
inf,4,25,0.75,2.5,4,17,3801
inf,4,26,0.75,2.5,4,43,4173
inf,4,27,0.75,2.5,4,67,4512
inf,4,28,0.75,2.5,4,NA,3047
inf,4,29,0.75,2.5,4,7,3455
inf,4,30,0.75,2.5,4,124,3788
inf,4,31,0.75,2.5,4,2,4529
inf,4,32,0.75,2.5,4,11,4143
inf,4,33,0.75,2.5,4,NA,4504
inf,4,34,0.75,2.5,4,NA,3443
inf,4,35,0.75,2.5,4,6,4523
inf,4,36,0.75,2.5,4,NA,3435
inf,4,37,0.75,2.5,4,NA,3424
inf,4,38,0.75,2.5,4,18,2701
inf,4,39,0.75,2.5,4,2,3787
inf,4,40,0.75,2.5,4,24,4879
inf,4,41,0.75,2.5,4,NA,3438
inf,4,42,0.75,2.5,4,24,3792
inf,4,43,0.75,2.5,4,11,3065
inf,4,44,0.75,2.5,4,10,3417
inf,4,45,0.75,2.5,4,NA,3796
inf,4,46,0.75,2.5,4,120,4543
inf,4,47,0.75,2.5,4,NA,3798
inf,4,48,0.75,2.5,4,NA,4521
inf,4,49,0.75,2.5,4,NA,3433
inf,4,50,0.75,2.5,4,NA,3432
inf,1,1,0.75,3,1,NA,2662
inf,1,2,0.75,3,1,126,2362
inf,1,3,0.75,3,1,31,3775
inf,1,4,0.75,3,1,40,3806
inf,1,5,0.75,3,1,NA,2691
inf,1,6,0.75,3,1,27,3784
inf,1,7,0.75,3,1,23,3082
inf,1,8,0.75,3,1,38,2335
inf,1,9,0.75,3,1,46,3062
inf,1,10,0.75,3,1,43,3070
inf,1,11,0.75,3,1,184,3074
inf,1,12,0.75,3,1,25,2696
inf,1,13,0.75,3,1,13,3035
inf,1,14,0.75,3,1,NA,3058
inf,1,15,0.75,3,1,79,2688
inf,1,16,0.75,3,1,152,2674
inf,1,17,0.75,3,1,NA,3062
inf,1,18,0.75,3,1,25,3056
inf,1,19,0.75,3,1,11,2706
inf,1,20,0.75,3,1,159,2367
inf,1,21,0.75,3,1,NA,3451
inf,1,22,0.75,3,1,NA,2335
inf,1,23,0.75,3,1,NA,3058
inf,1,24,0.75,3,1,NA,4146
inf,1,25,0.75,3,1,2,3813
inf,1,26,0.75,3,1,24,2354
inf,1,27,0.75,3,1,NA,2684
inf,1,28,0.75,3,1,59,2317
inf,1,29,0.75,3,1,29,3045
inf,1,30,0.75,3,1,57,3043
inf,1,31,0.75,3,1,40,4121
inf,1,32,0.75,3,1,18,4171
inf,1,33,0.75,3,1,86,3793
inf,1,34,0.75,3,1,8,3763
inf,1,35,0.75,3,1,37,3422
inf,1,36,0.75,3,1,48,2349
inf,1,37,0.75,3,1,16,2676
inf,1,38,0.75,3,1,92,3422
inf,1,39,0.75,3,1,32,1966
inf,1,40,0.75,3,1,49,4163
inf,1,41,0.75,3,1,94,3428
inf,1,42,0.75,3,1,44,3779
inf,1,43,0.75,3,1,NA,2686
inf,1,44,0.75,3,1,103,4172
inf,1,45,0.75,3,1,NA,3077
inf,1,46,0.75,3,1,16,2335
inf,1,47,0.75,3,1,25,3420
inf,1,48,0.75,3,1,13,3049
inf,1,49,0.75,3,1,NA,3795
inf,1,50,0.75,3,1,47,3406
inf,2,1,0.75,3,2,NA,3769
inf,2,2,0.75,3,2,NA,2690
inf,2,3,0.75,3,2,3,2705
inf,2,4,0.75,3,2,NA,3087
inf,2,5,0.75,3,2,71,3796
inf,2,6,0.75,3,2,67,1980
inf,2,7,0.75,3,2,92,3798
inf,2,8,0.75,3,2,41,3062
inf,2,9,0.75,3,2,38,3436
inf,2,10,0.75,3,2,165,3033
inf,2,11,0.75,3,2,43,2699
inf,2,12,0.75,3,2,75,3460
inf,2,13,0.75,3,2,95,3772
inf,2,14,0.75,3,2,52,3056
inf,2,15,0.75,3,2,124,2691
inf,2,16,0.75,3,2,45,3070
inf,2,17,0.75,3,2,39,3794
inf,2,18,0.75,3,2,NA,3080
inf,2,19,0.75,3,2,NA,3059
inf,2,20,0.75,3,2,NA,2341
inf,2,21,0.75,3,2,NA,3058
inf,2,22,0.75,3,2,NA,2673
inf,2,23,0.75,3,2,34,3060
inf,2,24,0.75,3,2,NA,2715
inf,2,25,0.75,3,2,58,3044
inf,2,26,0.75,3,2,NA,3766
inf,2,27,0.75,3,2,NA,3443
inf,2,28,0.75,3,2,18,4147
inf,2,29,0.75,3,2,86,3783
inf,2,30,0.75,3,2,73,3437
inf,2,31,0.75,3,2,49,2350
inf,2,32,0.75,3,2,114,2687
inf,2,33,0.75,3,2,NA,2699
inf,2,34,0.75,3,2,NA,3086
inf,2,35,0.75,3,2,NA,3080
inf,2,36,0.75,3,2,NA,3430
inf,2,37,0.75,3,2,NA,3036
inf,2,38,0.75,3,2,NA,2739
inf,2,39,0.75,3,2,NA,4145
inf,2,40,0.75,3,2,NA,3447
inf,2,41,0.75,3,2,143,2353
inf,2,42,0.75,3,2,11,3083
inf,2,43,0.75,3,2,85,3825
inf,2,44,0.75,3,2,192,2709
inf,2,45,0.75,3,2,44,2708
inf,2,46,0.75,3,2,NA,3073
inf,2,47,0.75,3,2,46,2702
inf,2,48,0.75,3,2,2,3439
inf,2,49,0.75,3,2,NA,3411
inf,2,50,0.75,3,2,4,2724
inf,3,1,0.75,3,3,NA,3085
inf,3,2,0.75,3,3,26,3438
inf,3,3,0.75,3,3,NA,3446
inf,3,4,0.75,3,3,NA,2716
inf,3,5,0.75,3,3,NA,3058
inf,3,6,0.75,3,3,NA,3444
inf,3,7,0.75,3,3,192,2338
inf,3,8,0.75,3,3,14,4126
inf,3,9,0.75,3,3,NA,3031
inf,3,10,0.75,3,3,196,2655
inf,3,11,0.75,3,3,81,4165
inf,3,12,0.75,3,3,NA,2712
inf,3,13,0.75,3,3,16,4138
inf,3,14,0.75,3,3,67,3427
inf,3,15,0.75,3,3,32,3401
inf,3,16,0.75,3,3,99,4139
inf,3,17,0.75,3,3,35,3053
inf,3,18,0.75,3,3,61,3785
inf,3,19,0.75,3,3,NA,3789
inf,3,20,0.75,3,3,63,3464
inf,3,21,0.75,3,3,NA,2673
inf,3,22,0.75,3,3,NA,4151
inf,3,23,0.75,3,3,NA,3461
inf,3,24,0.75,3,3,NA,3452
inf,3,25,0.75,3,3,12,2700
inf,3,26,0.75,3,3,NA,2687
inf,3,27,0.75,3,3,32,3783
inf,3,28,0.75,3,3,NA,3774
inf,3,29,0.75,3,3,16,3458
inf,3,30,0.75,3,3,NA,3404
inf,3,31,0.75,3,3,154,2343
inf,3,32,0.75,3,3,NA,2700
inf,3,33,0.75,3,3,150,1973
inf,3,34,0.75,3,3,8,2679
inf,3,35,0.75,3,3,75,3428
inf,3,36,0.75,3,3,67,3772
inf,3,37,0.75,3,3,NA,3805
inf,3,38,0.75,3,3,10,3792
inf,3,39,0.75,3,3,NA,2715
inf,3,40,0.75,3,3,NA,2712
inf,3,41,0.75,3,3,NA,2702
inf,3,42,0.75,3,3,99,3406
inf,3,43,0.75,3,3,NA,2710
inf,3,44,0.75,3,3,29,3408
inf,3,45,0.75,3,3,NA,3420
inf,3,46,0.75,3,3,92,3429
inf,3,47,0.75,3,3,28,2320
inf,3,48,0.75,3,3,NA,3427
inf,3,49,0.75,3,3,44,2331
inf,3,50,0.75,3,3,NA,3091
inf,4,1,0.75,3,4,40,4140
inf,4,2,0.75,3,4,95,3090
inf,4,3,0.75,3,4,NA,2665
inf,4,4,0.75,3,4,NA,3444
inf,4,5,0.75,3,4,95,3430
inf,4,6,0.75,3,4,40,2690
inf,4,7,0.75,3,4,37,2711
inf,4,8,0.75,3,4,NA,3427
inf,4,9,0.75,3,4,NA,3438
inf,4,10,0.75,3,4,94,4159
inf,4,11,0.75,3,4,137,2690
inf,4,12,0.75,3,4,9,3784
inf,4,13,0.75,3,4,NA,3036
inf,4,14,0.75,3,4,NA,3812
inf,4,15,0.75,3,4,86,3785
inf,4,16,0.75,3,4,26,3427
inf,4,17,0.75,3,4,128,3047
inf,4,18,0.75,3,4,12,3060
inf,4,19,0.75,3,4,57,3070
inf,4,20,0.75,3,4,45,4168
inf,4,21,0.75,3,4,32,4143
inf,4,22,0.75,3,4,NA,3755
inf,4,23,0.75,3,4,44,2679
inf,4,24,0.75,3,4,NA,2336
inf,4,25,0.75,3,4,NA,3786
inf,4,26,0.75,3,4,83,3798
inf,4,27,0.75,3,4,7,3409
inf,4,28,0.75,3,4,60,2699
inf,4,29,0.75,3,4,45,2692
inf,4,30,0.75,3,4,NA,3437
inf,4,31,0.75,3,4,93,3431
inf,4,32,0.75,3,4,NA,3769
inf,4,33,0.75,3,4,47,3427
inf,4,34,0.75,3,4,NA,3762
inf,4,35,0.75,3,4,18,3051
inf,4,36,0.75,3,4,15,3442
inf,4,37,0.75,3,4,NA,3785
inf,4,38,0.75,3,4,5,3044
inf,4,39,0.75,3,4,NA,3437
inf,4,40,0.75,3,4,10,1986
inf,4,41,0.75,3,4,32,4135
inf,4,42,0.75,3,4,NA,3045
inf,4,43,0.75,3,4,28,3078
inf,4,44,0.75,3,4,91,3060
inf,4,45,0.75,3,4,25,3772
inf,4,46,0.75,3,4,58,3758
inf,4,47,0.75,3,4,100,4166
inf,4,48,0.75,3,4,NA,2700
inf,4,49,0.75,3,4,22,2720
inf,4,50,0.75,3,4,90,3445
inf,1,1,0.75,3.5,1,53,3429
inf,1,2,0.75,3.5,1,NA,2334
inf,1,3,0.75,3.5,1,NA,2350
inf,1,4,0.75,3.5,1,NA,2690
inf,1,5,0.75,3.5,1,105,3050
inf,1,6,0.75,3.5,1,43,2678
inf,1,7,0.75,3.5,1,77,3035
inf,1,8,0.75,3.5,1,NA,3053
inf,1,9,0.75,3.5,1,NA,2339
inf,1,10,0.75,3.5,1,NA,1967
inf,1,11,0.75,3.5,1,40,3402
inf,1,12,0.75,3.5,1,40,3038
inf,1,13,0.75,3.5,1,NA,3426
inf,1,14,0.75,3.5,1,8,2338
inf,1,15,0.75,3.5,1,NA,3040
inf,1,16,0.75,3.5,1,5,3087
inf,1,17,0.75,3.5,1,54,3065
inf,1,18,0.75,3.5,1,NA,2694
inf,1,19,0.75,3.5,1,27,2714
inf,1,20,0.75,3.5,1,72,2700
inf,1,21,0.75,3.5,1,46,3397
inf,1,22,0.75,3.5,1,NA,2300
inf,1,23,0.75,3.5,1,7,2694
inf,1,24,0.75,3.5,1,46,2675
inf,1,25,0.75,3.5,1,NA,3033
inf,1,26,0.75,3.5,1,59,3433
inf,1,27,0.75,3.5,1,NA,3058
inf,1,28,0.75,3.5,1,106,3050
inf,1,29,0.75,3.5,1,NA,3075
inf,1,30,0.75,3.5,1,27,3413
inf,1,31,0.75,3.5,1,28,3062
inf,1,32,0.75,3.5,1,NA,2677
inf,1,33,0.75,3.5,1,125,2671
inf,1,34,0.75,3.5,1,85,1985
inf,1,35,0.75,3.5,1,101,2731
inf,1,36,0.75,3.5,1,NA,1989
inf,1,37,0.75,3.5,1,38,2728
inf,1,38,0.75,3.5,1,44,3062
inf,1,39,0.75,3.5,1,15,2337
inf,1,40,0.75,3.5,1,123,1957
inf,1,41,0.75,3.5,1,NA,2673
inf,1,42,0.75,3.5,1,110,3030
inf,1,43,0.75,3.5,1,74,2298
inf,1,44,0.75,3.5,1,NA,3068
inf,1,45,0.75,3.5,1,62,3097
inf,1,46,0.75,3.5,1,111,3427
inf,1,47,0.75,3.5,1,NA,2326
inf,1,48,0.75,3.5,1,61,2702
inf,1,49,0.75,3.5,1,NA,2706
inf,1,50,0.75,3.5,1,7,3067
inf,2,1,0.75,3.5,2,50,1992
inf,2,2,0.75,3.5,2,47,3057
inf,2,3,0.75,3.5,2,NA,3046
inf,2,4,0.75,3.5,2,74,3054
inf,2,5,0.75,3.5,2,126,2339
inf,2,6,0.75,3.5,2,103,2684
inf,2,7,0.75,3.5,2,50,1981
inf,2,8,0.75,3.5,2,26,2336
inf,2,9,0.75,3.5,2,45,2683
inf,2,10,0.75,3.5,2,41,3096
inf,2,11,0.75,3.5,2,35,1980
inf,2,12,0.75,3.5,2,NA,3056
inf,2,13,0.75,3.5,2,NA,2320
inf,2,14,0.75,3.5,2,NA,3053
inf,2,15,0.75,3.5,2,70,1955
inf,2,16,0.75,3.5,2,NA,2329
inf,2,17,0.75,3.5,2,56,2311
inf,2,18,0.75,3.5,2,NA,3053
inf,2,19,0.75,3.5,2,81,3029
inf,2,20,0.75,3.5,2,58,2713
inf,2,21,0.75,3.5,2,63,1606
inf,2,22,0.75,3.5,2,NA,3070
inf,2,23,0.75,3.5,2,94,2669
inf,2,24,0.75,3.5,2,NA,2686
inf,2,25,0.75,3.5,2,25,3073
inf,2,26,0.75,3.5,2,NA,2344
inf,2,27,0.75,3.5,2,38,3065
inf,2,28,0.75,3.5,2,NA,2700
inf,2,29,0.75,3.5,2,67,2709
inf,2,30,0.75,3.5,2,NA,2337
inf,2,31,0.75,3.5,2,116,2303
inf,2,32,0.75,3.5,2,113,3049
inf,2,33,0.75,3.5,2,25,2707
inf,2,34,0.75,3.5,2,NA,2693
inf,2,35,0.75,3.5,2,24,2679
inf,2,36,0.75,3.5,2,157,2346
inf,2,37,0.75,3.5,2,NA,2347
inf,2,38,0.75,3.5,2,NA,2683
inf,2,39,0.75,3.5,2,21,3087
inf,2,40,0.75,3.5,2,8,2725
inf,2,41,0.75,3.5,2,NA,1938
inf,2,42,0.75,3.5,2,NA,2701
inf,2,43,0.75,3.5,2,9,3053
inf,2,44,0.75,3.5,2,8,2004
inf,2,45,0.75,3.5,2,16,2340
inf,2,46,0.75,3.5,2,56,2309
inf,2,47,0.75,3.5,2,NA,3060
inf,2,48,0.75,3.5,2,NA,3028
inf,2,49,0.75,3.5,2,31,2701
inf,2,50,0.75,3.5,2,22,2338
inf,3,1,0.75,3.5,3,NA,3071
inf,3,2,0.75,3.5,3,NA,2680
inf,3,3,0.75,3.5,3,NA,3385
inf,3,4,0.75,3.5,3,3,3442
inf,3,5,0.75,3.5,3,53,3084
inf,3,6,0.75,3.5,3,18,3065
inf,3,7,0.75,3.5,3,17,3041
inf,3,8,0.75,3.5,3,5,2299
inf,3,9,0.75,3.5,3,54,2696
inf,3,10,0.75,3.5,3,8,3059
inf,3,11,0.75,3.5,3,NA,2683
inf,3,12,0.75,3.5,3,83,2718
inf,3,13,0.75,3.5,3,7,1952
inf,3,14,0.75,3.5,3,NA,2712
inf,3,15,0.75,3.5,3,NA,2370
inf,3,16,0.75,3.5,3,NA,2331
inf,3,17,0.75,3.5,3,36,2705
inf,3,18,0.75,3.5,3,25,2370
inf,3,19,0.75,3.5,3,15,3391
inf,3,20,0.75,3.5,3,NA,2721
inf,3,21,0.75,3.5,3,17,2702
inf,3,22,0.75,3.5,3,NA,3395
inf,3,23,0.75,3.5,3,13,3076
inf,3,24,0.75,3.5,3,NA,3068
inf,3,25,0.75,3.5,3,41,2335
inf,3,26,0.75,3.5,3,NA,2349
inf,3,27,0.75,3.5,3,7,2706
inf,3,28,0.75,3.5,3,4,3429
inf,3,29,0.75,3.5,3,NA,1998
inf,3,30,0.75,3.5,3,19,1949
inf,3,31,0.75,3.5,3,98,2691
inf,3,32,0.75,3.5,3,54,3054
inf,3,33,0.75,3.5,3,49,3082
inf,3,34,0.75,3.5,3,45,2329
inf,3,35,0.75,3.5,3,12,3074
inf,3,36,0.75,3.5,3,110,2318
inf,3,37,0.75,3.5,3,36,3028
inf,3,38,0.75,3.5,3,NA,2708
inf,3,39,0.75,3.5,3,87,2691
inf,3,40,0.75,3.5,3,39,3067
inf,3,41,0.75,3.5,3,35,3432
inf,3,42,0.75,3.5,3,NA,2347
inf,3,43,0.75,3.5,3,68,2353
inf,3,44,0.75,3.5,3,60,2350
inf,3,45,0.75,3.5,3,28,2707
inf,3,46,0.75,3.5,3,NA,2350
inf,3,47,0.75,3.5,3,NA,3032
inf,3,48,0.75,3.5,3,13,3054
inf,3,49,0.75,3.5,3,NA,2694
inf,3,50,0.75,3.5,3,79,3070
inf,4,1,0.75,3.5,4,NA,2677
inf,4,2,0.75,3.5,4,54,1628
inf,4,3,0.75,3.5,4,28,2678
inf,4,4,0.75,3.5,4,NA,2334
inf,4,5,0.75,3.5,4,96,1959
inf,4,6,0.75,3.5,4,83,3030
inf,4,7,0.75,3.5,4,4,3041
inf,4,8,0.75,3.5,4,NA,2353
inf,4,9,0.75,3.5,4,NA,3078
inf,4,10,0.75,3.5,4,NA,2685
inf,4,11,0.75,3.5,4,NA,2704
inf,4,12,0.75,3.5,4,18,2347
inf,4,13,0.75,3.5,4,55,3057
inf,4,14,0.75,3.5,4,32,1977
inf,4,15,0.75,3.5,4,41,3456
inf,4,16,0.75,3.5,4,69,3420
inf,4,17,0.75,3.5,4,NA,2692
inf,4,18,0.75,3.5,4,25,2727
inf,4,19,0.75,3.5,4,54,1625
inf,4,20,0.75,3.5,4,NA,2683
inf,4,21,0.75,3.5,4,35,2675
inf,4,22,0.75,3.5,4,8,1627
inf,4,23,0.75,3.5,4,89,2334
inf,4,24,0.75,3.5,4,56,2697
inf,4,25,0.75,3.5,4,82,2698
inf,4,26,0.75,3.5,4,47,2719
inf,4,27,0.75,3.5,4,NA,1958
inf,4,28,0.75,3.5,4,NA,2316
inf,4,29,0.75,3.5,4,NA,2675
inf,4,30,0.75,3.5,4,NA,3064
inf,4,31,0.75,3.5,4,77,2307
inf,4,32,0.75,3.5,4,52,2668
inf,4,33,0.75,3.5,4,150,2353
inf,4,34,0.75,3.5,4,68,3072
inf,4,35,0.75,3.5,4,27,1957
inf,4,36,0.75,3.5,4,118,3068
inf,4,37,0.75,3.5,4,NA,3049
inf,4,38,0.75,3.5,4,92,1602
inf,4,39,0.75,3.5,4,NA,1963
inf,4,40,0.75,3.5,4,25,2688
inf,4,41,0.75,3.5,4,NA,2690
inf,4,42,0.75,3.5,4,72,3395
inf,4,43,0.75,3.5,4,52,2327
inf,4,44,0.75,3.5,4,8,3074
inf,4,45,0.75,3.5,4,165,1972
inf,4,46,0.75,3.5,4,36,3063
inf,4,47,0.75,3.5,4,25,2327
inf,4,48,0.75,3.5,4,NA,2328
inf,4,49,0.75,3.5,4,8,2349
inf,4,50,0.75,3.5,4,33,2335
inf,1,1,0.75,4,1,24,1956
inf,1,2,0.75,4,1,23,2679
inf,1,3,0.75,4,1,NA,2344
inf,1,4,0.75,4,1,16,1627
inf,1,5,0.75,4,1,NA,2328
inf,1,6,0.75,4,1,54,2323
inf,1,7,0.75,4,1,54,2325
inf,1,8,0.75,4,1,14,1962
inf,1,9,0.75,4,1,NA,1594
inf,1,10,0.75,4,1,69,2705
inf,1,11,0.75,4,1,48,1963
inf,1,12,0.75,4,1,NA,2354
inf,1,13,0.75,4,1,23,1591
inf,1,14,0.75,4,1,19,2331
inf,1,15,0.75,4,1,NA,2334
inf,1,16,0.75,4,1,NA,1970
inf,1,17,0.75,4,1,10,2701
inf,1,18,0.75,4,1,70,1972
inf,1,19,0.75,4,1,NA,2303
inf,1,20,0.75,4,1,4,2341
inf,1,21,0.75,4,1,49,2327
inf,1,22,0.75,4,1,NA,2678
inf,1,23,0.75,4,1,12,1628
inf,1,24,0.75,4,1,64,1986
inf,1,25,0.75,4,1,NA,1980
inf,1,26,0.75,4,1,NA,2310
inf,1,27,0.75,4,1,74,3043
inf,1,28,0.75,4,1,12,1936
inf,1,29,0.75,4,1,NA,1990
inf,1,30,0.75,4,1,6,2320
inf,1,31,0.75,4,1,45,3015
inf,1,32,0.75,4,1,NA,2361
inf,1,33,0.75,4,1,5,1988
inf,1,34,0.75,4,1,37,2681
inf,1,35,0.75,4,1,NA,2354
inf,1,36,0.75,4,1,NA,2317
inf,1,37,0.75,4,1,8,2640
inf,1,38,0.75,4,1,5,2306
inf,1,39,0.75,4,1,NA,2668
inf,1,40,0.75,4,1,41,1606
inf,1,41,0.75,4,1,NA,2316
inf,1,42,0.75,4,1,NA,2678
inf,1,43,0.75,4,1,15,3018
inf,1,44,0.75,4,1,28,2286
inf,1,45,0.75,4,1,31,2364
inf,1,46,0.75,4,1,NA,2296
inf,1,47,0.75,4,1,12,1959
inf,1,48,0.75,4,1,74,1973
inf,1,49,0.75,4,1,46,1578
inf,1,50,0.75,4,1,19,2330
inf,2,1,0.75,4,2,64,2344
inf,2,2,0.75,4,2,4,1990
inf,2,3,0.75,4,2,47,3029
inf,2,4,0.75,4,2,NA,2326
inf,2,5,0.75,4,2,53,3012
inf,2,6,0.75,4,2,NA,2314
inf,2,7,0.75,4,2,61,2693
inf,2,8,0.75,4,2,56,1950
inf,2,9,0.75,4,2,NA,2305
inf,2,10,0.75,4,2,96,1625
inf,2,11,0.75,4,2,111,2319
inf,2,12,0.75,4,2,41,2329
inf,2,13,0.75,4,2,75,2318
inf,2,14,0.75,4,2,NA,2321
inf,2,15,0.75,4,2,12,2335
inf,2,16,0.75,4,2,NA,2647
inf,2,17,0.75,4,2,NA,2319
inf,2,18,0.75,4,2,NA,2691
inf,2,19,0.75,4,2,NA,2317
inf,2,20,0.75,4,2,NA,2335
inf,2,21,0.75,4,2,NA,2329
inf,2,22,0.75,4,2,NA,1603
inf,2,23,0.75,4,2,NA,2339
inf,2,24,0.75,4,2,22,2678
inf,2,25,0.75,4,2,NA,2334
inf,2,26,0.75,4,2,NA,1616
inf,2,27,0.75,4,2,91,1985
inf,2,28,0.75,4,2,NA,2322
inf,2,29,0.75,4,2,43,2320
inf,2,30,0.75,4,2,NA,2688
inf,2,31,0.75,4,2,NA,1958
inf,2,32,0.75,4,2,35,2713
inf,2,33,0.75,4,2,NA,1589
inf,2,34,0.75,4,2,10,2301
inf,2,35,0.75,4,2,7,2691
inf,2,36,0.75,4,2,70,2354
inf,2,37,0.75,4,2,23,2358
inf,2,38,0.75,4,2,NA,2353
inf,2,39,0.75,4,2,NA,2004
inf,2,40,0.75,4,2,69,1621
inf,2,41,0.75,4,2,NA,2706
inf,2,42,0.75,4,2,NA,2357
inf,2,43,0.75,4,2,NA,1944
inf,2,44,0.75,4,2,37,2334
inf,2,45,0.75,4,2,NA,1610
inf,2,46,0.75,4,2,NA,2315
inf,2,47,0.75,4,2,NA,1947
inf,2,48,0.75,4,2,92,1965
inf,2,49,0.75,4,2,NA,1978
inf,2,50,0.75,4,2,11,1574
inf,3,1,0.75,4,3,78,2667
inf,3,2,0.75,4,3,61,2376
inf,3,3,0.75,4,3,NA,1969
inf,3,4,0.75,4,3,78,2357
inf,3,5,0.75,4,3,5,2664
inf,3,6,0.75,4,3,NA,3048
inf,3,7,0.75,4,3,NA,1944
inf,3,8,0.75,4,3,33,2723
inf,3,9,0.75,4,3,22,2701
inf,3,10,0.75,4,3,27,2351
inf,3,11,0.75,4,3,40,2701
inf,3,12,0.75,4,3,35,2706
inf,3,13,0.75,4,3,36,2695
inf,3,14,0.75,4,3,54,3029
inf,3,15,0.75,4,3,51,3060
inf,3,16,0.75,4,3,10,3356
inf,3,17,0.75,4,3,75,2319
inf,3,18,0.75,4,3,55,2306
inf,3,19,0.75,4,3,13,2345
inf,3,20,0.75,4,3,NA,1969
inf,3,21,0.75,4,3,15,2682
inf,3,22,0.75,4,3,36,2696
inf,3,23,0.75,4,3,27,2687
inf,3,24,0.75,4,3,80,2681
inf,3,25,0.75,4,3,8,2707
inf,3,26,0.75,4,3,68,2684
inf,3,27,0.75,4,3,100,1932
inf,3,28,0.75,4,3,63,2691
inf,3,29,0.75,4,3,39,1966
inf,3,30,0.75,4,3,48,1979
inf,3,31,0.75,4,3,NA,2340
inf,3,32,0.75,4,3,NA,1251
inf,3,33,0.75,4,3,29,2698
inf,3,34,0.75,4,3,64,2313
inf,3,35,0.75,4,3,NA,1582
inf,3,36,0.75,4,3,23,2338
inf,3,37,0.75,4,3,NA,2665
inf,3,38,0.75,4,3,13,2350
inf,3,39,0.75,4,3,NA,1591
inf,3,40,0.75,4,3,4,2348
inf,3,41,0.75,4,3,40,2677
inf,3,42,0.75,4,3,NA,1581
inf,3,43,0.75,4,3,25,2306
inf,3,44,0.75,4,3,54,2330
inf,3,45,0.75,4,3,NA,3031
inf,3,46,0.75,4,3,20,2691
inf,3,47,0.75,4,3,20,3033
inf,3,48,0.75,4,3,32,2707
inf,3,49,0.75,4,3,37,2727
inf,3,50,0.75,4,3,33,2324
inf,4,1,0.75,4,4,64,1958
inf,4,2,0.75,4,4,NA,1971
inf,4,3,0.75,4,4,51,2315
inf,4,4,0.75,4,4,24,3052
inf,4,5,0.75,4,4,17,1601
inf,4,6,0.75,4,4,78,1948
inf,4,7,0.75,4,4,NA,2315
inf,4,8,0.75,4,4,99,2682
inf,4,9,0.75,4,4,NA,2310
inf,4,10,0.75,4,4,NA,2299
inf,4,11,0.75,4,4,NA,2312
inf,4,12,0.75,4,4,11,1954
inf,4,13,0.75,4,4,109,3028
inf,4,14,0.75,4,4,147,1940
inf,4,15,0.75,4,4,24,1943
inf,4,16,0.75,4,4,NA,2339
inf,4,17,0.75,4,4,NA,1960
inf,4,18,0.75,4,4,58,2699
inf,4,19,0.75,4,4,NA,2341
inf,4,20,0.75,4,4,12,2636
inf,4,21,0.75,4,4,3,1996
inf,4,22,0.75,4,4,NA,1617
inf,4,23,0.75,4,4,5,2317
inf,4,24,0.75,4,4,29,2293
inf,4,25,0.75,4,4,6,1978
inf,4,26,0.75,4,4,28,2359
inf,4,27,0.75,4,4,NA,2004
inf,4,28,0.75,4,4,NA,2682
inf,4,29,0.75,4,4,15,2332
inf,4,30,0.75,4,4,NA,1569
inf,4,31,0.75,4,4,NA,1971
inf,4,32,0.75,4,4,NA,1941
inf,4,33,0.75,4,4,93,2707
inf,4,34,0.75,4,4,NA,1623
inf,4,35,0.75,4,4,24,1973
inf,4,36,0.75,4,4,11,1984
inf,4,37,0.75,4,4,79,1950
inf,4,38,0.75,4,4,NA,2308
inf,4,39,0.75,4,4,35,2721
inf,4,40,0.75,4,4,62,2731
inf,4,41,0.75,4,4,NA,1244
inf,4,42,0.75,4,4,10,2336
inf,4,43,0.75,4,4,NA,3017
inf,4,44,0.75,4,4,NA,2310
inf,4,45,0.75,4,4,6,2278
inf,4,46,0.75,4,4,97,1971
inf,4,47,0.75,4,4,NA,2314
inf,4,48,0.75,4,4,5,1987
inf,4,49,0.75,4,4,11,2004
inf,4,50,0.75,4,4,NA,2690
inf,1,1,0.75,4.5,1,38,2714
inf,1,2,0.75,4.5,1,NA,1620
inf,1,3,0.75,4.5,1,NA,2662
inf,1,4,0.75,4.5,1,15,2330
inf,1,5,0.75,4.5,1,NA,1969
inf,1,6,0.75,4.5,1,NA,1942
inf,1,7,0.75,4.5,1,44,2663
inf,1,8,0.75,4.5,1,45,1950
inf,1,9,0.75,4.5,1,NA,2358
inf,1,10,0.75,4.5,1,NA,1595
inf,1,11,0.75,4.5,1,NA,1597
inf,1,12,0.75,4.5,1,28,1575
inf,1,13,0.75,4.5,1,11,1989
inf,1,14,0.75,4.5,1,43,1255
inf,1,15,0.75,4.5,1,NA,2301
inf,1,16,0.75,4.5,1,NA,1242
inf,1,17,0.75,4.5,1,36,2674
inf,1,18,0.75,4.5,1,41,1232
inf,1,19,0.75,4.5,1,NA,2376
inf,1,20,0.75,4.5,1,52,1998
inf,1,21,0.75,4.5,1,NA,1979
inf,1,22,0.75,4.5,1,NA,1964
inf,1,23,0.75,4.5,1,13,2664
inf,1,24,0.75,4.5,1,NA,1247
inf,1,25,0.75,4.5,1,9,1978
inf,1,26,0.75,4.5,1,NA,1605
inf,1,27,0.75,4.5,1,NA,1976
inf,1,28,0.75,4.5,1,24,1928
inf,1,29,0.75,4.5,1,22,2310
inf,1,30,0.75,4.5,1,16,1581
inf,1,31,0.75,4.5,1,NA,1929
inf,1,32,0.75,4.5,1,23,2350
inf,1,33,0.75,4.5,1,3,2299
inf,1,34,0.75,4.5,1,38,1979
inf,1,35,0.75,4.5,1,NA,2349
inf,1,36,0.75,4.5,1,48,2298
inf,1,37,0.75,4.5,1,NA,1964
inf,1,38,0.75,4.5,1,50,1242
inf,1,39,0.75,4.5,1,60,1582
inf,1,40,0.75,4.5,1,5,2679
inf,1,41,0.75,4.5,1,NA,1253
inf,1,42,0.75,4.5,1,NA,1939
inf,1,43,0.75,4.5,1,56,1947
inf,1,44,0.75,4.5,1,NA,1939
inf,1,45,0.75,4.5,1,109,1235
inf,1,46,0.75,4.5,1,NA,1947
inf,1,47,0.75,4.5,1,9,1246
inf,1,48,0.75,4.5,1,NA,1933
inf,1,49,0.75,4.5,1,4,2301
inf,1,50,0.75,4.5,1,8,1934
inf,2,1,0.75,4.5,2,22,1560
inf,2,2,0.75,4.5,2,39,2330
inf,2,3,0.75,4.5,2,21,1624
inf,2,4,0.75,4.5,2,39,1952
inf,2,5,0.75,4.5,2,20,2363
inf,2,6,0.75,4.5,2,NA,2310
inf,2,7,0.75,4.5,2,57,1960
inf,2,8,0.75,4.5,2,85,1579
inf,2,9,0.75,4.5,2,NA,1939
inf,2,10,0.75,4.5,2,40,2658
inf,2,11,0.75,4.5,2,NA,2357
inf,2,12,0.75,4.5,2,45,2706
inf,2,13,0.75,4.5,2,NA,2319
inf,2,14,0.75,4.5,2,36,2329
inf,2,15,0.75,4.5,2,2,1240
inf,2,16,0.75,4.5,2,NA,2362
inf,2,17,0.75,4.5,2,38,1617
inf,2,18,0.75,4.5,2,NA,2702
inf,2,19,0.75,4.5,2,38,2304
inf,2,20,0.75,4.5,2,49,2663
inf,2,21,0.75,4.5,2,15,2663
inf,2,22,0.75,4.5,2,18,1934
inf,2,23,0.75,4.5,2,NA,1957
inf,2,24,0.75,4.5,2,40,1617
inf,2,25,0.75,4.5,2,NA,2333
inf,2,26,0.75,4.5,2,NA,1955
inf,2,27,0.75,4.5,2,4,2337
inf,2,28,0.75,4.5,2,17,1974
inf,2,29,0.75,4.5,2,NA,2000
inf,2,30,0.75,4.5,2,NA,2309
inf,2,31,0.75,4.5,2,NA,1973
inf,2,32,0.75,4.5,2,NA,1938
inf,2,33,0.75,4.5,2,16,2314
inf,2,34,0.75,4.5,2,NA,1596
inf,2,35,0.75,4.5,2,22,2674
inf,2,36,0.75,4.5,2,NA,2357
inf,2,37,0.75,4.5,2,NA,1255
inf,2,38,0.75,4.5,2,NA,1972
inf,2,39,0.75,4.5,2,NA,1613
inf,2,40,0.75,4.5,2,22,1245
inf,2,41,0.75,4.5,2,NA,1616
inf,2,42,0.75,4.5,2,3,2669
inf,2,43,0.75,4.5,2,NA,1622
inf,2,44,0.75,4.5,2,19,1276
inf,2,45,0.75,4.5,2,72,1965
inf,2,46,0.75,4.5,2,27,2712
inf,2,47,0.75,4.5,2,109,1581
inf,2,48,0.75,4.5,2,23,1568
inf,2,49,0.75,4.5,2,NA,1950
inf,2,50,0.75,4.5,2,72,2307
inf,3,1,0.75,4.5,3,NA,1585
inf,3,2,0.75,4.5,3,NA,1960
inf,3,3,0.75,4.5,3,99,1596
inf,3,4,0.75,4.5,3,36,1607
inf,3,5,0.75,4.5,3,NA,1957
inf,3,6,0.75,4.5,3,30,2314
inf,3,7,0.75,4.5,3,NA,1957
inf,3,8,0.75,4.5,3,7,2341
inf,3,9,0.75,4.5,3,30,1943
inf,3,10,0.75,4.5,3,7,2309
inf,3,11,0.75,4.5,3,NA,1961
inf,3,12,0.75,4.5,3,87,1569
inf,3,13,0.75,4.5,3,4,1233
inf,3,14,0.75,4.5,3,NA,1954
inf,3,15,0.75,4.5,3,50,2306
inf,3,16,0.75,4.5,3,NA,1639
inf,3,17,0.75,4.5,3,119,1581
inf,3,18,0.75,4.5,3,63,1973
inf,3,19,0.75,4.5,3,23,1952
inf,3,20,0.75,4.5,3,NA,1631
inf,3,21,0.75,4.5,3,53,1560
inf,3,22,0.75,4.5,3,NA,2335
inf,3,23,0.75,4.5,3,38,1236
inf,3,24,0.75,4.5,3,4,2312
inf,3,25,0.75,4.5,3,38,1968
inf,3,26,0.75,4.5,3,26,1249
inf,3,27,0.75,4.5,3,NA,1959
inf,3,28,0.75,4.5,3,56,2349
inf,3,29,0.75,4.5,3,34,1987
inf,3,30,0.75,4.5,3,16,2659
inf,3,31,0.75,4.5,3,42,2320
inf,3,32,0.75,4.5,3,39,1577
inf,3,33,0.75,4.5,3,38,1268
inf,3,34,0.75,4.5,3,23,2283
inf,3,35,0.75,4.5,3,NA,1935
inf,3,36,0.75,4.5,3,110,1219
inf,3,37,0.75,4.5,3,13,2353
inf,3,38,0.75,4.5,3,NA,1613
inf,3,39,0.75,4.5,3,38,2344
inf,3,40,0.75,4.5,3,NA,2343
inf,3,41,0.75,4.5,3,55,2722
inf,3,42,0.75,4.5,3,17,2290
inf,3,43,0.75,4.5,3,26,2310
inf,3,44,0.75,4.5,3,41,2709
inf,3,45,0.75,4.5,3,19,2332
inf,3,46,0.75,4.5,3,NA,1968
inf,3,47,0.75,4.5,3,4,1963
inf,3,48,0.75,4.5,3,NA,2327
inf,3,49,0.75,4.5,3,31,1922
inf,3,50,0.75,4.5,3,90,1632
inf,4,1,0.75,4.5,4,NA,1960
inf,4,2,0.75,4.5,4,18,1994
inf,4,3,0.75,4.5,4,NA,2298
inf,4,4,0.75,4.5,4,NA,1972
inf,4,5,0.75,4.5,4,NA,1265
inf,4,6,0.75,4.5,4,56,1594
inf,4,7,0.75,4.5,4,NA,1226
inf,4,8,0.75,4.5,4,37,1995
inf,4,9,0.75,4.5,4,48,2305
inf,4,10,0.75,4.5,4,110,1565
inf,4,11,0.75,4.5,4,NA,1941
inf,4,12,0.75,4.5,4,17,1954
inf,4,13,0.75,4.5,4,NA,1985
inf,4,14,0.75,4.5,4,NA,1583
inf,4,15,0.75,4.5,4,16,1969
inf,4,16,0.75,4.5,4,29,1980
inf,4,17,0.75,4.5,4,64,2335
inf,4,18,0.75,4.5,4,NA,1985
inf,4,19,0.75,4.5,4,5,1236
inf,4,20,0.75,4.5,4,17,2001
inf,4,21,0.75,4.5,4,NA,2282
inf,4,22,0.75,4.5,4,22,2302
inf,4,23,0.75,4.5,4,66,2332
inf,4,24,0.75,4.5,4,55,2709
inf,4,25,0.75,4.5,4,28,1633
inf,4,26,0.75,4.5,4,10,2666
inf,4,27,0.75,4.5,4,4,1625
inf,4,28,0.75,4.5,4,4,1622
inf,4,29,0.75,4.5,4,NA,1619
inf,4,30,0.75,4.5,4,NA,1606
inf,4,31,0.75,4.5,4,49,1589
inf,4,32,0.75,4.5,4,NA,2305
inf,4,33,0.75,4.5,4,NA,1980
inf,4,34,0.75,4.5,4,NA,1958
inf,4,35,0.75,4.5,4,4,1255
inf,4,36,0.75,4.5,4,8,1956
inf,4,37,0.75,4.5,4,NA,2306
inf,4,38,0.75,4.5,4,12,2662
inf,4,39,0.75,4.5,4,NA,2323
inf,4,40,0.75,4.5,4,NA,1584
inf,4,41,0.75,4.5,4,34,1971
inf,4,42,0.75,4.5,4,62,1584
inf,4,43,0.75,4.5,4,3,2335
inf,4,44,0.75,4.5,4,NA,2320
inf,4,45,0.75,4.5,4,28,1603
inf,4,46,0.75,4.5,4,NA,1593
inf,4,47,0.75,4.5,4,38,2687
inf,4,48,0.75,4.5,4,NA,2316
inf,4,49,0.75,4.5,4,12,2702
inf,4,50,0.75,4.5,4,10,2673
inf,1,1,0.75,5,1,22,1940
inf,1,2,0.75,5,1,4,1609
inf,1,3,0.75,5,1,NA,1966
inf,1,4,0.75,5,1,14,1973
inf,1,5,0.75,5,1,35,1611
inf,1,6,0.75,5,1,NA,1593
inf,1,7,0.75,5,1,28,1210
inf,1,8,0.75,5,1,27,1230
inf,1,9,0.75,5,1,10,1995
inf,1,10,0.75,5,1,17,1591
inf,1,11,0.75,5,1,NA,1590
inf,1,12,0.75,5,1,46,1944
inf,1,13,0.75,5,1,NA,1243
inf,1,14,0.75,5,1,NA,1948
inf,1,15,0.75,5,1,NA,1242
inf,1,16,0.75,5,1,NA,2284
inf,1,17,0.75,5,1,NA,2300
inf,1,18,0.75,5,1,NA,1250
inf,1,19,0.75,5,1,28,1968
inf,1,20,0.75,5,1,19,1944
inf,1,21,0.75,5,1,NA,1272
inf,1,22,0.75,5,1,NA,1271
inf,1,23,0.75,5,1,16,1603
inf,1,24,0.75,5,1,NA,1540
inf,1,25,0.75,5,1,NA,1972
inf,1,26,0.75,5,1,NA,1961
inf,1,27,0.75,5,1,NA,1277
inf,1,28,0.75,5,1,NA,1973
inf,1,29,0.75,5,1,19,1592
inf,1,30,0.75,5,1,NA,2297
inf,1,31,0.75,5,1,35,1972
inf,1,32,0.75,5,1,NA,1608
inf,1,33,0.75,5,1,39,1252
inf,1,34,0.75,5,1,NA,1963
inf,1,35,0.75,5,1,NA,1956
inf,1,36,0.75,5,1,5,1982
inf,1,37,0.75,5,1,NA,1591
inf,1,38,0.75,5,1,NA,2004
inf,1,39,0.75,5,1,NA,1599
inf,1,40,0.75,5,1,NA,1963
inf,1,41,0.75,5,1,40,1942
inf,1,42,0.75,5,1,38,1255
inf,1,43,0.75,5,1,32,1231
inf,1,44,0.75,5,1,40,1203
inf,1,45,0.75,5,1,NA,1605
inf,1,46,0.75,5,1,49,1949
inf,1,47,0.75,5,1,40,1631
inf,1,48,0.75,5,1,NA,1566
inf,1,49,0.75,5,1,NA,1596
inf,1,50,0.75,5,1,NA,1605
inf,2,1,0.75,5,2,76,1550
inf,2,2,0.75,5,2,6,2302
inf,2,3,0.75,5,2,48,1616
inf,2,4,0.75,5,2,2,1225
inf,2,5,0.75,5,2,6,1248
inf,2,6,0.75,5,2,25,2662
inf,2,7,0.75,5,2,NA,1243
inf,2,8,0.75,5,2,14,1964
inf,2,9,0.75,5,2,17,1232
inf,2,10,0.75,5,2,NA,1215
inf,2,11,0.75,5,2,NA,1261
inf,2,12,0.75,5,2,29,1600
inf,2,13,0.75,5,2,NA,1619
inf,2,14,0.75,5,2,NA,1243
inf,2,15,0.75,5,2,NA,1955
inf,2,16,0.75,5,2,7,1256
inf,2,17,0.75,5,2,50,1240
inf,2,18,0.75,5,2,NA,1251
inf,2,19,0.75,5,2,89,1579
inf,2,20,0.75,5,2,15,1926
inf,2,21,0.75,5,2,19,1241
inf,2,22,0.75,5,2,15,2342
inf,2,23,0.75,5,2,15,1243
inf,2,24,0.75,5,2,NA,1598
inf,2,25,0.75,5,2,NA,1581
inf,2,26,0.75,5,2,NA,1199
inf,2,27,0.75,5,2,35,1236
inf,2,28,0.75,5,2,NA,1610
inf,2,29,0.75,5,2,43,1983
inf,2,30,0.75,5,2,25,1960
inf,2,31,0.75,5,2,23,1250
inf,2,32,0.75,5,2,NA,1228
inf,2,33,0.75,5,2,NA,2294
inf,2,34,0.75,5,2,NA,1229
inf,2,35,0.75,5,2,2,892
inf,2,36,0.75,5,2,NA,1966
inf,2,37,0.75,5,2,NA,2318
inf,2,38,0.75,5,2,9,2313
inf,2,39,0.75,5,2,NA,1220
inf,2,40,0.75,5,2,25,1594
inf,2,41,0.75,5,2,NA,1950
inf,2,42,0.75,5,2,NA,1991
inf,2,43,0.75,5,2,NA,1957
inf,2,44,0.75,5,2,NA,1990
inf,2,45,0.75,5,2,NA,1967
inf,2,46,0.75,5,2,103,1229
inf,2,47,0.75,5,2,20,1925
inf,2,48,0.75,5,2,NA,1941
inf,2,49,0.75,5,2,61,1589
inf,2,50,0.75,5,2,NA,1626
inf,3,1,0.75,5,3,NA,1934
inf,3,2,0.75,5,3,58,1933
inf,3,3,0.75,5,3,31,1949
inf,3,4,0.75,5,3,NA,1607
inf,3,5,0.75,5,3,30,1947
inf,3,6,0.75,5,3,NA,1233
inf,3,7,0.75,5,3,NA,1915
inf,3,8,0.75,5,3,NA,1933
inf,3,9,0.75,5,3,NA,1604
inf,3,10,0.75,5,3,32,1610
inf,3,11,0.75,5,3,NA,2650
inf,3,12,0.75,5,3,NA,2343
inf,3,13,0.75,5,3,NA,1594
inf,3,14,0.75,5,3,NA,1982
inf,3,15,0.75,5,3,16,1996
inf,3,16,0.75,5,3,NA,1211
inf,3,17,0.75,5,3,NA,1582
inf,3,18,0.75,5,3,2,1928
inf,3,19,0.75,5,3,13,1967
inf,3,20,0.75,5,3,39,876
inf,3,21,0.75,5,3,18,2311
inf,3,22,0.75,5,3,NA,1218
inf,3,23,0.75,5,3,59,2300
inf,3,24,0.75,5,3,7,1999
inf,3,25,0.75,5,3,NA,1203
inf,3,26,0.75,5,3,NA,1604
inf,3,27,0.75,5,3,NA,1991
inf,3,28,0.75,5,3,47,1227
inf,3,29,0.75,5,3,48,1935
inf,3,30,0.75,5,3,34,1601
inf,3,31,0.75,5,3,132,1269
inf,3,32,0.75,5,3,NA,1616
inf,3,33,0.75,5,3,NA,1984
inf,3,34,0.75,5,3,NA,1564
inf,3,35,0.75,5,3,NA,2652
inf,3,36,0.75,5,3,26,1224
inf,3,37,0.75,5,3,NA,1203
inf,3,38,0.75,5,3,14,1256
inf,3,39,0.75,5,3,NA,2332
inf,3,40,0.75,5,3,NA,1219
inf,3,41,0.75,5,3,47,1258
inf,3,42,0.75,5,3,NA,1600
inf,3,43,0.75,5,3,NA,1622
inf,3,44,0.75,5,3,33,1980
inf,3,45,0.75,5,3,50,1250
inf,3,46,0.75,5,3,66,1959
inf,3,47,0.75,5,3,NA,1964
inf,3,48,0.75,5,3,27,2360
inf,3,49,0.75,5,3,26,2332
inf,3,50,0.75,5,3,16,2336
inf,4,1,0.75,5,4,31,2326
inf,4,2,0.75,5,4,67,1621
inf,4,3,0.75,5,4,2,1239
inf,4,4,0.75,5,4,NA,1968
inf,4,5,0.75,5,4,NA,1969
inf,4,6,0.75,5,4,NA,1984
inf,4,7,0.75,5,4,34,2370
inf,4,8,0.75,5,4,NA,1575
inf,4,9,0.75,5,4,NA,1930
inf,4,10,0.75,5,4,22,1964
inf,4,11,0.75,5,4,NA,1609
inf,4,12,0.75,5,4,53,1601
inf,4,13,0.75,5,4,3,1984
inf,4,14,0.75,5,4,28,1942
inf,4,15,0.75,5,4,NA,1985
inf,4,16,0.75,5,4,NA,2329
inf,4,17,0.75,5,4,23,1996
inf,4,18,0.75,5,4,31,1996
inf,4,19,0.75,5,4,NA,1274
inf,4,20,0.75,5,4,NA,1928
inf,4,21,0.75,5,4,NA,1596
inf,4,22,0.75,5,4,NA,1974
inf,4,23,0.75,5,4,3,1954
inf,4,24,0.75,5,4,NA,1601
inf,4,25,0.75,5,4,NA,1985
inf,4,26,0.75,5,4,6,2001
inf,4,27,0.75,5,4,18,1978
inf,4,28,0.75,5,4,20,2337
inf,4,29,0.75,5,4,16,1599
inf,4,30,0.75,5,4,NA,1592
inf,4,31,0.75,5,4,57,1982
inf,4,32,0.75,5,4,NA,2330
inf,4,33,0.75,5,4,NA,1587
inf,4,34,0.75,5,4,NA,1617
inf,4,35,0.75,5,4,NA,1242
inf,4,36,0.75,5,4,NA,1627
inf,4,37,0.75,5,4,NA,1991
inf,4,38,0.75,5,4,NA,1220
inf,4,39,0.75,5,4,NA,1961
inf,4,40,0.75,5,4,NA,1943
inf,4,41,0.75,5,4,NA,1597
inf,4,42,0.75,5,4,21,1957
inf,4,43,0.75,5,4,23,2335
inf,4,44,0.75,5,4,NA,1577
inf,4,45,0.75,5,4,21,1983
inf,4,46,0.75,5,4,77,1262
inf,4,47,0.75,5,4,45,1941
inf,4,48,0.75,5,4,NA,873
inf,4,49,0.75,5,4,28,1570
inf,4,50,0.75,5,4,14,1265
